{
  "run_metadata": {
    "timestamp": "2026-04-15T02:55:21.269272+00:00",
    "git_sha": "e61974ac49b1778660b5cf5672d8d0bc23c9424b",
    "git_dirty": true,
    "ragas_version": "0.4.3",
    "scipy_version": "1.17.1",
    "generation_model": "claude-sonnet-4-20250514",
    "grading_model": "claude-sonnet-4-20250514",
    "embedding_model": "text-embedding-3-small",
    "rerank_model": "rerank-v3.5",
    "evaluator_model": "gpt-4o-mini",
    "evaluator_temperature": 0.0,
    "n_queries": 25,
    "test_set_hash": "sha256:1b441d3a22f22c19791c264d6768aab829b93f47858e2dd0c650ab58a7dfa00b"
  },
  "per_metric": {
    "faithfulness": {
      "metric": "faithfulness",
      "n_scored_baseline": 25,
      "n_scored_enhanced": 20,
      "baseline_mean_all": 0.9473623984710942,
      "enhanced_mean_all": 0.9001889338731445,
      "baseline_mean_answered": 0.9588781387694432,
      "enhanced_mean_answered": 0.9001889338731445,
      "delta_answered": -0.05663311183477086,
      "wilcoxon_statistic": 127.0,
      "p_raw": 0.7959934373462384,
      "n_pairs": 20,
      "ci95_delta_low": -0.15973984972820113,
      "ci95_delta_high": 0.011988027414959988,
      "ci_method": "BCa_paired_10k",
      "p_holm": 1.0
    },
    "answer_relevancy": {
      "metric": "answer_relevancy",
      "n_scored_baseline": 25,
      "n_scored_enhanced": 25,
      "baseline_mean_all": 0.5222874264772375,
      "enhanced_mean_all": 0.44411347263322015,
      "baseline_mean_answered": 0.5815334163614282,
      "enhanced_mean_answered": 0.5287065150395478,
      "delta_answered": -0.052826901321880365,
      "wilcoxon_statistic": 164.0,
      "p_raw": 0.9542002761079695,
      "n_pairs": 21,
      "ci95_delta_low": -0.252464471329361,
      "ci95_delta_high": 0.16175511796765904,
      "ci_method": "BCa_paired_10k",
      "p_holm": 1.0
    },
    "context_precision_with_reference": {
      "metric": "context_precision_with_reference",
      "n_scored_baseline": 25,
      "n_scored_enhanced": 21,
      "baseline_mean_all": 0.6154999999732848,
      "enhanced_mean_all": 0.8064153438655582,
      "baseline_mean_answered": 0.6581349206061327,
      "enhanced_mean_answered": 0.8064153438655582,
      "delta_answered": 0.1482804232594257,
      "wilcoxon_statistic": 92.5,
      "p_raw": 0.21198673975603838,
      "n_pairs": 21,
      "ci95_delta_low": -0.028439153443750004,
      "ci95_delta_high": 0.37797350546971853,
      "ci_method": "BCa_paired_10k",
      "p_holm": 0.8479469590241535
    },
    "context_recall": {
      "metric": "context_recall",
      "n_scored_baseline": 25,
      "n_scored_enhanced": 21,
      "baseline_mean_all": 0.7533333333333333,
      "enhanced_mean_all": 0.753968253968254,
      "baseline_mean_answered": 0.8174603174603176,
      "enhanced_mean_answered": 0.753968253968254,
      "delta_answered": -0.0634920634920635,
      "wilcoxon_statistic": 138.5,
      "p_raw": 0.7933156314421215,
      "n_pairs": 21,
      "ci95_delta_low": -0.2698412698412699,
      "ci95_delta_high": 0.14285714285714285,
      "ci_method": "BCa_paired_10k",
      "p_holm": 1.0
    }
  },
  "abstains": {
    "baseline": [],
    "enhanced": [
      "q06",
      "q10",
      "q21",
      "q24"
    ],
    "should_abstain_ids": [
      "q21"
    ]
  }
}